"initial_alias","converted_alias","name","description","namespace"
"P46531","ENSG00000148400","NOTCH1","notch receptor 1 [Source:HGNC Symbol;Acc:HGNC:7881]","UNIPROTSWISSPROT_ACC,UNIPROT_GN_ACC"
"Q96J02","ENSG00000078747","ITCH","itchy E3 ubiquitin protein ligase [Source:HGNC Symbol;Acc:HGNC:13890]","UNIPROTSWISSPROT_ACC,UNIPROT_GN_ACC"
"P49757","ENSG00000133961","NUMB","NUMB endocytic adaptor protein [Source:HGNC Symbol;Acc:HGNC:8060]","UNIPROTSWISSPROT_ACC,UNIPROT_GN_ACC"
"P0CG48","ENSG00000150991","UBC","ubiquitin C [Source:HGNC Symbol;Acc:HGNC:12468]","UNIPROTSWISSPROT_ACC,UNIPROT_GN_ACC"
"P0CG47","ENSG00000170315","UBB","ubiquitin B [Source:HGNC Symbol;Acc:HGNC:12463]","UNIPROTSWISSPROT_ACC,UNIPROT_GN_ACC"
"P62987","ENSG00000221983","UBA52","ubiquitin A-52 residue ribosomal protein fusion product 1 [Source:HGNC Symbol;Acc:HGNC:12458]","UNIPROTSWISSPROT_ACC,UNIPROT_GN_ACC"
"P62979","ENSG00000143947","RPS27A","ribosomal protein S27a [Source:HGNC Symbol;Acc:HGNC:10417]","UNIPROTSWISSPROT_ACC,UNIPROT_GN_ACC"
"P80370","ENSG00000185559","DLK1","delta like non-canonical Notch ligand 1 [Source:HGNC Symbol;Acc:HGNC:2907]","UNIPROTSWISSPROT_ACC,UNIPROT_GN_ACC"
"O00548","ENSG00000198719","DLL1","delta like canonical Notch ligand 1 [Source:HGNC Symbol;Acc:HGNC:2908]","UNIPROTSWISSPROT_ACC,UNIPROT_GN_ACC"
"Q86UW9","ENSG00000091073","DTX2","deltex E3 ubiquitin ligase 2 [Source:HGNC Symbol;Acc:HGNC:15973]","UNIPROTSWISSPROT_ACC,UNIPROT_GN_ACC"
"Q9Y2E6","ENSG00000110042","DTX4","deltex E3 ubiquitin ligase 4 [Source:HGNC Symbol;Acc:HGNC:29151]","UNIPROTSWISSPROT_ACC,UNIPROT_GN_ACC"
"Q86Y01","ENSG00000135144","DTX1","deltex E3 ubiquitin ligase 1 [Source:HGNC Symbol;Acc:HGNC:3060]","UNIPROTSWISSPROT_ACC,UNIPROT_GN_ACC"
"Q9NR61","ENSG00000128917","DLL4","delta like canonical Notch ligand 4 [Source:HGNC Symbol;Acc:HGNC:2910]","UNIPROTSWISSPROT_ACC,UNIPROT_GN_ACC"
"Q9Y219","ENSG00000184916","JAG2","jagged canonical Notch ligand 2 [Source:HGNC Symbol;Acc:HGNC:6189]","UNIPROTSWISSPROT_ACC,UNIPROT_GN_ACC"
"P78504","ENSG00000101384","JAG1","jagged canonical Notch ligand 1 [Source:HGNC Symbol;Acc:HGNC:6188]","UNIPROTSWISSPROT_ACC,UNIPROT_GN_ACC"
"O76050","ENSG00000107954","NEURL1","neuralized E3 ubiquitin protein ligase 1 [Source:HGNC Symbol;Acc:HGNC:7761]","UNIPROTSWISSPROT_ACC,UNIPROT_GN_ACC"
"Q96AX9","ENSG00000197530","MIB2","MIB E3 ubiquitin protein ligase 2 [Source:HGNC Symbol;Acc:HGNC:30577]","UNIPROTSWISSPROT_ACC,UNIPROT_GN_ACC"
"A8MQ27","ENSG00000214357","NEURL1B","neuralized E3 ubiquitin protein ligase 1B [Source:HGNC Symbol;Acc:HGNC:35422]","UNIPROTSWISSPROT_ACC,UNIPROT_GN_ACC"
"Q86YT6","ENSG00000101752","MIB1","MIB E3 ubiquitin protein ligase 1 [Source:HGNC Symbol;Acc:HGNC:21086]","UNIPROTSWISSPROT_ACC,UNIPROT_GN_ACC"
"Q8NFT8","ENSG00000187957","DNER","delta/notch like EGF repeat containing [Source:HGNC Symbol;Acc:HGNC:24456]","UNIPROTSWISSPROT_ACC,UNIPROT_GN_ACC"
"Q12860","ENSG00000018236","CNTN1","contactin 1 [Source:HGNC Symbol;Acc:HGNC:2171]","UNIPROTSWISSPROT_ACC,UNIPROT_GN_ACC"
"Q9NZ42","ENSG00000205155","PSENEN","presenilin enhancer, gamma-secretase subunit [Source:HGNC Symbol;Acc:HGNC:30100]","UNIPROTSWISSPROT_ACC,UNIPROT_GN_ACC"
"Q92542","ENSG00000162736","NCSTN","nicastrin [Source:HGNC Symbol;Acc:HGNC:17091]","UNIPROTSWISSPROT_ACC,UNIPROT_GN_ACC"
"P49810","ENSG00000143801","PSEN2","presenilin 2 [Source:HGNC Symbol;Acc:HGNC:9509]","UNIPROTSWISSPROT_ACC,UNIPROT_GN_ACC"
"P49768","ENSG00000080815","PSEN1","presenilin 1 [Source:HGNC Symbol;Acc:HGNC:9508]","UNIPROTSWISSPROT_ACC,UNIPROT_GN_ACC"
"Q96BI3","ENSG00000117362","APH1A","aph-1 homolog A, gamma-secretase subunit [Source:HGNC Symbol;Acc:HGNC:29509]","UNIPROTSWISSPROT_ACC,UNIPROT_GN_ACC"
"Q8WW43","ENSG00000138613","APH1B","aph-1 homolog B, gamma-secretase subunit [Source:HGNC Symbol;Acc:HGNC:24080]","UNIPROTSWISSPROT_ACC,UNIPROT_GN_ACC"
"P49407","ENSG00000137486","ARRB1","arrestin beta 1 [Source:HGNC Symbol;Acc:HGNC:711]","UNIPROTSWISSPROT_ACC,UNIPROT_GN_ACC"
"P32121","ENSG00000141480","ARRB2","arrestin beta 2 [Source:HGNC Symbol;Acc:HGNC:712]","UNIPROTSWISSPROT_ACC,UNIPROT_GN_ACC"
"P78536","ENSG00000151694","ADAM17","ADAM metallopeptidase domain 17 [Source:HGNC Symbol;Acc:HGNC:195]","UNIPROTSWISSPROT_ACC,UNIPROT_GN_ACC"
"O14672","ENSG00000137845","ADAM10","ADAM metallopeptidase domain 10 [Source:HGNC Symbol;Acc:HGNC:188]","UNIPROTSWISSPROT_ACC,UNIPROT_GN_ACC"
"Q9Y5J3","ENSG00000164683","HEY1","hes related family bHLH transcription factor with YRPW motif 1 [Source:HGNC Symbol;Acc:HGNC:4880]","UNIPROTSWISSPROT_ACC,UNIPROT_GN_ACC"
"Q9UBP5","ENSG00000135547","HEY2","hes related family bHLH transcription factor with YRPW motif 2 [Source:HGNC Symbol;Acc:HGNC:4881]","UNIPROTSWISSPROT_ACC,UNIPROT_GN_ACC"
"Q9NQ87","ENSG00000163909","HEYL","hes related family bHLH transcription factor with YRPW motif like [Source:HGNC Symbol;Acc:HGNC:4882]","UNIPROTSWISSPROT_ACC,UNIPROT_GN_ACC"
"Q06330","ENSG00000168214","RBPJ","recombination signal binding protein for immunoglobulin kappa J region [Source:HGNC Symbol;Acc:HGNC:5724]","UNIPROTSWISSPROT_ACC,UNIPROT_GN_ACC"
"Q13573","ENSG00000100603","SNW1","SNW domain containing 1 [Source:HGNC Symbol;Acc:HGNC:16696]","UNIPROTSWISSPROT_ACC,UNIPROT_GN_ACC"
"Q13495","ENSG00000013619","MAMLD1","mastermind like domain containing 1 [Source:HGNC Symbol;Acc:HGNC:2568]","UNIPROTSWISSPROT_ACC,UNIPROT_GN_ACC"
"Q8IZL2","ENSG00000184384","MAML2","mastermind like transcriptional coactivator 2 [Source:HGNC Symbol;Acc:HGNC:16259]","UNIPROTSWISSPROT_ACC,UNIPROT_GN_ACC"
"Q92585","ENSG00000161021","MAML1","mastermind like transcriptional coactivator 1 [Source:HGNC Symbol;Acc:HGNC:13632]","UNIPROTSWISSPROT_ACC,UNIPROT_GN_ACC"
"Q96JK9","ENSG00000196782","MAML3","mastermind like transcriptional coactivator 3 [Source:HGNC Symbol;Acc:HGNC:16272]","UNIPROTSWISSPROT_ACC,UNIPROT_GN_ACC"
"Q09472","ENSG00000100393","EP300","E1A binding protein p300 [Source:HGNC Symbol;Acc:HGNC:3373]","UNIPROTSWISSPROT_ACC,UNIPROT_GN_ACC"
"Q92830","ENSG00000108773","KAT2A","lysine acetyltransferase 2A [Source:HGNC Symbol;Acc:HGNC:4201]","UNIPROTSWISSPROT_ACC,UNIPROT_GN_ACC"
"Q92831","ENSG00000114166","KAT2B","lysine acetyltransferase 2B [Source:HGNC Symbol;Acc:HGNC:8638]","UNIPROTSWISSPROT_ACC,UNIPROT_GN_ACC"
"Q92793","ENSG00000005339","CREBBP","CREB binding protein [Source:HGNC Symbol;Acc:HGNC:2348]","UNIPROTSWISSPROT_ACC,UNIPROT_GN_ACC"
"P01106","ENSG00000136997","MYC","MYC proto-oncogene, bHLH transcription factor [Source:HGNC Symbol;Acc:HGNC:7553]","UNIPROTSWISSPROT_ACC,UNIPROT_GN_ACC"
"P63208","ENSG00000113558","SKP1","S-phase kinase associated protein 1 [Source:HGNC Symbol;Acc:HGNC:10899]","UNIPROTSWISSPROT_ACC,UNIPROT_GN_ACC"
"Q969H0-4","ENSG00000109670","FBXW7","F-box and WD repeat domain containing 7 [Source:HGNC Symbol;Acc:HGNC:16712]","UNIPROT_ISOFORM"
"Q969H0-1","ENSG00000109670","FBXW7","F-box and WD repeat domain containing 7 [Source:HGNC Symbol;Acc:HGNC:16712]","UNIPROT_ISOFORM"
"P62877","ENSG00000100387","RBX1","ring-box 1 [Source:HGNC Symbol;Acc:HGNC:9928]","UNIPROTSWISSPROT_ACC,UNIPROT_GN_ACC"
"Q13616","ENSG00000055130","CUL1","cullin 1 [Source:HGNC Symbol;Acc:HGNC:2551]","UNIPROTSWISSPROT_ACC,UNIPROT_GN_ACC"
"Q8NFP9","ENSG00000172915","NBEA","neurobeachin [Source:HGNC Symbol;Acc:HGNC:7648]","UNIPROTSWISSPROT_ACC,UNIPROT_GN_ACC"
"P24863","ENSG00000112237","CCNC","cyclin C [Source:HGNC Symbol;Acc:HGNC:1581]","AGILENT_GPL19072,UNIPROTSWISSPROT_ACC,UNIPROT_GN_ACC"
"P24863","ENSG00000234942","GRID1-AS1","GRID1 antisense RNA 1 [Source:HGNC Symbol;Acc:HGNC:44131]","AGILENT_GPL19072,UNIPROTSWISSPROT_ACC,UNIPROT_GN_ACC"
"P49336","ENSG00000132964","CDK8","cyclin dependent kinase 8 [Source:HGNC Symbol;Acc:HGNC:1779]","UNIPROTSWISSPROT_ACC,UNIPROT_GN_ACC"
"Q04725","ENSG00000065717","TLE2","TLE family member 2, transcriptional corepressor [Source:HGNC Symbol;Acc:HGNC:11838]","UNIPROTSWISSPROT_ACC,UNIPROT_GN_ACC"
"Q04724","ENSG00000196781","TLE1","TLE family member 1, transcriptional corepressor [Source:HGNC Symbol;Acc:HGNC:11837]","UNIPROTSWISSPROT_ACC,UNIPROT_GN_ACC"
"Q04726-3","ENSG00000140332","TLE3","TLE family member 3, transcriptional corepressor [Source:HGNC Symbol;Acc:HGNC:11839]","UNIPROT_ISOFORM"
"Q04727","ENSG00000106829","TLE4","TLE family member 4, transcriptional corepressor [Source:HGNC Symbol;Acc:HGNC:11840]","UNIPROTSWISSPROT_ACC,UNIPROT_GN_ACC"
"Q14469","ENSG00000114315","HES1","hes family bHLH transcription factor 1 [Source:HGNC Symbol;Acc:HGNC:5192]","UNIPROTSWISSPROT_ACC,UNIPROT_GN_ACC"
"O75376","ENSG00000141027","NCOR1","nuclear receptor corepressor 1 [Source:HGNC Symbol;Acc:HGNC:7672]","UNIPROTSWISSPROT_ACC,UNIPROT_GN_ACC"
"Q9Y618","ENSG00000196498","NCOR2","nuclear receptor corepressor 2 [Source:HGNC Symbol;Acc:HGNC:7673]","UNIPROTSWISSPROT_ACC,UNIPROT_GN_ACC"
"O60907","ENSG00000101849","TBL1X","transducin beta like 1 X-linked [Source:HGNC Symbol;Acc:HGNC:11585]","UNIPROTSWISSPROT_ACC,UNIPROT_GN_ACC"
"Q9BZK7","ENSG00000177565","TBL1XR1","TBL1X/Y related 1 [Source:HGNC Symbol;Acc:HGNC:29529]","UNIPROTSWISSPROT_ACC,UNIPROT_GN_ACC"
"Q9UBN7","ENSG00000094631","HDAC6","histone deacetylase 6 [Source:HGNC Symbol;Acc:HGNC:14064]","UNIPROTSWISSPROT_ACC,UNIPROT_GN_ACC"
"Q9BY41","ENSG00000147099","HDAC8","histone deacetylase 8 [Source:HGNC Symbol;Acc:HGNC:13315]","UNIPROTSWISSPROT_ACC,UNIPROT_GN_ACC"
"Q96DB2","ENSG00000163517","HDAC11","histone deacetylase 11 [Source:HGNC Symbol;Acc:HGNC:19086]","UNIPROTSWISSPROT_ACC,UNIPROT_GN_ACC"
"P56524","ENSG00000068024","HDAC4","histone deacetylase 4 [Source:HGNC Symbol;Acc:HGNC:14063]","UNIPROTSWISSPROT_ACC,UNIPROT_GN_ACC"
"Q92769","ENSG00000196591","HDAC2","histone deacetylase 2 [Source:HGNC Symbol;Acc:HGNC:4853]","UNIPROTSWISSPROT_ACC,UNIPROT_GN_ACC"
"O15379","ENSG00000171720","HDAC3","histone deacetylase 3 [Source:HGNC Symbol;Acc:HGNC:4854]","UNIPROTSWISSPROT_ACC,UNIPROT_GN_ACC"
"Q9UKV0","ENSG00000048052","HDAC9","histone deacetylase 9 [Source:HGNC Symbol;Acc:HGNC:14065]","UNIPROTSWISSPROT_ACC,UNIPROT_GN_ACC"
"Q9UQL6","ENSG00000108840","HDAC5","histone deacetylase 5 [Source:HGNC Symbol;Acc:HGNC:14068]","UNIPROTSWISSPROT_ACC,UNIPROT_GN_ACC"
"Q8WUI4","ENSG00000061273","HDAC7","histone deacetylase 7 [Source:HGNC Symbol;Acc:HGNC:14067]","UNIPROTSWISSPROT_ACC,UNIPROT_GN_ACC"
"Q13547","ENSG00000116478","HDAC1","histone deacetylase 1 [Source:HGNC Symbol;Acc:HGNC:4852]","UNIPROTSWISSPROT_ACC,UNIPROT_GN_ACC"
"Q969S8","ENSG00000100429","HDAC10","histone deacetylase 10 [Source:HGNC Symbol;Acc:HGNC:18128]","UNIPROTSWISSPROT_ACC,UNIPROT_GN_ACC"
"Q16665","ENSG00000100644","HIF1A","hypoxia inducible factor 1 subunit alpha [Source:HGNC Symbol;Acc:HGNC:4910]","UNIPROTSWISSPROT_ACC,UNIPROT_GN_ACC"
"Q5TA89","ENSG00000197921","HES5","hes family bHLH transcription factor 5 [Source:HGNC Symbol;Acc:HGNC:19764]","UNIPROTSWISSPROT_ACC,UNIPROT_GN_ACC"
"Q99466","ENSG00000204301","NOTCH4","notch receptor 4 [Source:HGNC Symbol;Acc:HGNC:7884]","UNIPROTSWISSPROT_ACC,UNIPROT_GN_ACC"
"P63104","ENSG00000164924","YWHAZ","tyrosine 3-monooxygenase/tryptophan 5-monooxygenase activation protein zeta [Source:HGNC Symbol;Acc:HGNC:12855]","UNIPROTSWISSPROT_ACC,UNIPROT_GN_ACC"
"P84022","ENSG00000166949","SMAD3","SMAD family member 3 [Source:HGNC Symbol;Acc:HGNC:6769]","UNIPROTSWISSPROT_ACC,UNIPROT_GN_ACC"
"P35916","ENSG00000037280","FLT4","fms related receptor tyrosine kinase 4 [Source:HGNC Symbol;Acc:HGNC:3767]","UNIPROTSWISSPROT_ACC,UNIPROT_GN_ACC"
"P62736","ENSG00000107796","ACTA2","actin alpha 2, smooth muscle [Source:HGNC Symbol;Acc:HGNC:130]","UNIPROTSWISSPROT_ACC,UNIPROT_GN_ACC"
"Q04721","ENSG00000134250","NOTCH2","notch receptor 2 [Source:HGNC Symbol;Acc:HGNC:7882]","UNIPROTSWISSPROT_ACC,UNIPROT_GN_ACC"
"P28072","ENSG00000142507","PSMB6","proteasome 20S subunit beta 6 [Source:HGNC Symbol;Acc:HGNC:9543]","UNIPROTSWISSPROT_ACC,UNIPROT_GN_ACC"
"P28070","ENSG00000159377","PSMB4","proteasome 20S subunit beta 4 [Source:HGNC Symbol;Acc:HGNC:9541]","UNIPROTSWISSPROT_ACC,UNIPROT_GN_ACC"
"P49720","ENSG00000277791","PSMB3","proteasome 20S subunit beta 3 [Source:HGNC Symbol;Acc:HGNC:9540]","UNIPROTSWISSPROT_ACC,UNIPROT_GN_ACC"
"P20618","ENSG00000008018","PSMB1","proteasome 20S subunit beta 1 [Source:HGNC Symbol;Acc:HGNC:9537]","AGILENT_GPL19072,UNIPROTSWISSPROT_ACC,UNIPROT_GN_ACC"
"P20618","ENSG00000267489","LINC01837","long intergenic non-protein coding RNA 1837 [Source:HGNC Symbol;Acc:HGNC:52653]","AGILENT_GPL19072,UNIPROTSWISSPROT_ACC,UNIPROT_GN_ACC"
"Q99436","ENSG00000136930","PSMB7","proteasome 20S subunit beta 7 [Source:HGNC Symbol;Acc:HGNC:9544]","UNIPROTSWISSPROT_ACC,UNIPROT_GN_ACC"
"P28074","ENSG00000100804","PSMB5","proteasome 20S subunit beta 5 [Source:HGNC Symbol;Acc:HGNC:9542]","UNIPROTSWISSPROT_ACC,UNIPROT_GN_ACC"
"P49721","ENSG00000126067","PSMB2","proteasome 20S subunit beta 2 [Source:HGNC Symbol;Acc:HGNC:9539]","UNIPROTSWISSPROT_ACC,UNIPROT_GN_ACC"
"P25788","ENSG00000100567","PSMA3","proteasome 20S subunit alpha 3 [Source:HGNC Symbol;Acc:HGNC:9532]","AGILENT_GPL19072,UNIPROTSWISSPROT_ACC,UNIPROT_GN_ACC"
"P25788","ENSG00000284680","OR8B2","olfactory receptor family 8 subfamily B member 2 [Source:HGNC Symbol;Acc:HGNC:8471]","AGILENT_GPL19072,UNIPROTSWISSPROT_ACC,UNIPROT_GN_ACC"
"P25789","ENSG00000041357","PSMA4","proteasome 20S subunit alpha 4 [Source:HGNC Symbol;Acc:HGNC:9533]","UNIPROTSWISSPROT_ACC,UNIPROT_GN_ACC"
"P28066","ENSG00000143106","PSMA5","proteasome 20S subunit alpha 5 [Source:HGNC Symbol;Acc:HGNC:9534]","UNIPROTSWISSPROT_ACC,UNIPROT_GN_ACC"
"P60900","ENSG00000100902","PSMA6","proteasome 20S subunit alpha 6 [Source:HGNC Symbol;Acc:HGNC:9535]","UNIPROTSWISSPROT_ACC,UNIPROT_GN_ACC"
"P25787","ENSG00000106588","PSMA2","proteasome 20S subunit alpha 2 [Source:HGNC Symbol;Acc:HGNC:9531]","AGILENT_GPL19072,UNIPROTSWISSPROT_ACC,UNIPROT_GN_ACC"
"P25787","ENSG00000255248","MIR100HG","mir-100-let-7a-2-mir-125b-1 cluster host gene [Source:HGNC Symbol;Acc:HGNC:39522]","AGILENT_GPL19072,UNIPROTSWISSPROT_ACC,UNIPROT_GN_ACC"
"O14818","ENSG00000101182","PSMA7","proteasome 20S subunit alpha 7 [Source:HGNC Symbol;Acc:HGNC:9536]","UNIPROTSWISSPROT_ACC,UNIPROT_GN_ACC"
"P25786","ENSG00000129084","PSMA1","proteasome 20S subunit alpha 1 [Source:HGNC Symbol;Acc:HGNC:9530]","UNIPROTSWISSPROT_ACC,UNIPROT_GN_ACC"
"O43242","ENSG00000108344","PSMD3","proteasome 26S subunit, non-ATPase 3 [Source:HGNC Symbol;Acc:HGNC:9560]","UNIPROTSWISSPROT_ACC,UNIPROT_GN_ACC"
"Q15008","ENSG00000163636","PSMD6","proteasome 26S subunit, non-ATPase 6 [Source:HGNC Symbol;Acc:HGNC:9564]","UNIPROTSWISSPROT_ACC,UNIPROT_GN_ACC"
"P60896","ENSG00000127922","SEM1","SEM1 26S proteasome subunit [Source:HGNC Symbol;Acc:HGNC:10845]","UNIPROTSWISSPROT_ACC,UNIPROT_GN_ACC"
"O00232","ENSG00000197170","PSMD12","proteasome 26S subunit, non-ATPase 12 [Source:HGNC Symbol;Acc:HGNC:9557]","UNIPROTSWISSPROT_ACC,UNIPROT_GN_ACC"
"Q9UNM6","ENSG00000185627","PSMD13","proteasome 26S subunit, non-ATPase 13 [Source:HGNC Symbol;Acc:HGNC:9558]","UNIPROTSWISSPROT_ACC,UNIPROT_GN_ACC"
"P51665","ENSG00000103035","PSMD7","proteasome 26S subunit, non-ATPase 7 [Source:HGNC Symbol;Acc:HGNC:9565]","UNIPROTSWISSPROT_ACC,UNIPROT_GN_ACC"
"O00487","ENSG00000115233","PSMD14","proteasome 26S subunit, non-ATPase 14 [Source:HGNC Symbol;Acc:HGNC:16889]","UNIPROTSWISSPROT_ACC,UNIPROT_GN_ACC"
"O00231","ENSG00000108671","PSMD11","proteasome 26S subunit, non-ATPase 11 [Source:HGNC Symbol;Acc:HGNC:9556]","UNIPROTSWISSPROT_ACC,UNIPROT_GN_ACC"
"P48556","ENSG00000099341","PSMD8","proteasome 26S subunit, non-ATPase 8 [Source:HGNC Symbol;Acc:HGNC:9566]","UNIPROTSWISSPROT_ACC,UNIPROT_GN_ACC"
"P43686","ENSG00000013275","PSMC4","proteasome 26S subunit, ATPase 4 [Source:HGNC Symbol;Acc:HGNC:9551]","UNIPROTSWISSPROT_ACC,UNIPROT_GN_ACC"
"P62195","ENSG00000087191","PSMC5","proteasome 26S subunit, ATPase 5 [Source:HGNC Symbol;Acc:HGNC:9552]","UNIPROTSWISSPROT_ACC,UNIPROT_GN_ACC"
"P62191","ENSG00000100764","PSMC1","proteasome 26S subunit, ATPase 1 [Source:HGNC Symbol;Acc:HGNC:9547]","UNIPROTSWISSPROT_ACC,UNIPROT_GN_ACC"
"P35998","ENSG00000161057","PSMC2","proteasome 26S subunit, ATPase 2 [Source:HGNC Symbol;Acc:HGNC:9548]","UNIPROTSWISSPROT_ACC,UNIPROT_GN_ACC"
"Q13200","ENSG00000175166","PSMD2","proteasome 26S subunit ubiquitin receptor, non-ATPase 2 [Source:HGNC Symbol;Acc:HGNC:9559]","UNIPROTSWISSPROT_ACC,UNIPROT_GN_ACC"
"P17980","ENSG00000165916","PSMC3","proteasome 26S subunit, ATPase 3 [Source:HGNC Symbol;Acc:HGNC:9549]","UNIPROTSWISSPROT_ACC,UNIPROT_GN_ACC"
"P62333","ENSG00000100519","PSMC6","proteasome 26S subunit, ATPase 6 [Source:HGNC Symbol;Acc:HGNC:9553]","UNIPROTSWISSPROT_ACC,UNIPROT_GN_ACC"
"Q99460","ENSG00000173692","PSMD1","proteasome 26S subunit, non-ATPase 1 [Source:HGNC Symbol;Acc:HGNC:9554]","UNIPROTSWISSPROT_ACC,UNIPROT_GN_ACC"
"Q16186","ENSG00000130706","ADRM1","ADRM1 26S proteasome ubiquitin receptor [Source:HGNC Symbol;Acc:HGNC:15759]","UNIPROTSWISSPROT_ACC,UNIPROT_GN_ACC"
"Q9Y6A5","ENSG00000013810","TACC3","transforming acidic coiled-coil containing protein 3 [Source:HGNC Symbol;Acc:HGNC:11524]","UNIPROTSWISSPROT_ACC,UNIPROT_GN_ACC"
"P31749","ENSG00000142208","AKT1","AKT serine/threonine kinase 1 [Source:HGNC Symbol;Acc:HGNC:391]","UNIPROTSWISSPROT_ACC,UNIPROT_GN_ACC"
"O00587","ENSG00000100060","MFNG","MFNG O-fucosylpeptide 3-beta-N-acetylglucosaminyltransferase [Source:HGNC Symbol;Acc:HGNC:7038]","UNIPROTSWISSPROT_ACC,UNIPROT_GN_ACC"
"Q9Y644","ENSG00000169733","RFNG","RFNG O-fucosylpeptide 3-beta-N-acetylglucosaminyltransferase [Source:HGNC Symbol;Acc:HGNC:9974]","UNIPROTSWISSPROT_ACC,UNIPROT_GN_ACC"
"Q8NES3","ENSG00000106003","LFNG","LFNG O-fucosylpeptide 3-beta-N-acetylglucosaminyltransferase [Source:HGNC Symbol;Acc:HGNC:6560]","UNIPROTSWISSPROT_ACC,UNIPROT_GN_ACC"
"Q9UM47","ENSG00000074181","NOTCH3","notch receptor 3 [Source:HGNC Symbol;Acc:HGNC:7883]","UNIPROTSWISSPROT_ACC,UNIPROT_GN_ACC"
"P15291","ENSG00000086062","B4GALT1","beta-1,4-galactosyltransferase 1 [Source:HGNC Symbol;Acc:HGNC:924]","AGILENT_GPL19072,UNIPROTSWISSPROT_ACC,UNIPROT_GN_ACC"
"P15291","ENSG00000253187","HOXA10-AS","HOXA10 antisense RNA [Source:HGNC Symbol;Acc:HGNC:40281]","AGILENT_GPL19072,UNIPROTSWISSPROT_ACC,UNIPROT_GN_ACC"
"P09958","ENSG00000140564","FURIN","furin, paired basic amino acid cleaving enzyme [Source:HGNC Symbol;Acc:HGNC:8568]","UNIPROTSWISSPROT_ACC,UNIPROT_GN_ACC"
"Q93084","ENSG00000074370","ATP2A3","ATPase sarcoplasmic/endoplasmic reticulum Ca2+ transporting 3 [Source:HGNC Symbol;Acc:HGNC:813]","UNIPROTSWISSPROT_ACC,UNIPROT_GN_ACC"
"O14983","ENSG00000196296","ATP2A1","ATPase sarcoplasmic/endoplasmic reticulum Ca2+ transporting 1 [Source:HGNC Symbol;Acc:HGNC:811]","UNIPROTSWISSPROT_ACC,UNIPROT_GN_ACC"
"P16615","ENSG00000174437","ATP2A2","ATPase sarcoplasmic/endoplasmic reticulum Ca2+ transporting 2 [Source:HGNC Symbol;Acc:HGNC:812]","AGILENT_GPL19072,UNIPROTSWISSPROT_ACC,UNIPROT_GN_ACC"
"P16615","ENSG00000233616","None","novel transcript","AGILENT_GPL19072,UNIPROTSWISSPROT_ACC,UNIPROT_GN_ACC"
"Q9UBV2","ENSG00000071537","SEL1L","SEL1L adaptor subunit of SYVN1 ubiquitin ligase [Source:HGNC Symbol;Acc:HGNC:10717]","UNIPROTSWISSPROT_ACC,UNIPROT_GN_ACC"
"P20340","ENSG00000175582","RAB6A","RAB6A, member RAS oncogene family [Source:HGNC Symbol;Acc:HGNC:9786]","UNIPROTSWISSPROT_ACC,UNIPROT_GN_ACC"
"Q11206","ENSG00000110080","ST3GAL4","ST3 beta-galactoside alpha-2,3-sialyltransferase 4 [Source:HGNC Symbol;Acc:HGNC:10864]","UNIPROTSWISSPROT_ACC,UNIPROT_GN_ACC"
"Q9Y274","ENSG00000064225","ST3GAL6","ST3 beta-galactoside alpha-2,3-sialyltransferase 6 [Source:HGNC Symbol;Acc:HGNC:18080]","UNIPROTSWISSPROT_ACC,UNIPROT_GN_ACC"
"Q11203","ENSG00000126091","ST3GAL3","ST3 beta-galactoside alpha-2,3-sialyltransferase 3 [Source:HGNC Symbol;Acc:HGNC:10866]","UNIPROTSWISSPROT_ACC,UNIPROT_GN_ACC"
"Q15363","ENSG00000086598","TMED2","transmembrane p24 trafficking protein 2 [Source:HGNC Symbol;Acc:HGNC:16996]","UNIPROTSWISSPROT_ACC,UNIPROT_GN_ACC"
"Q01196","ENSG00000159216","RUNX1","RUNX family transcription factor 1 [Source:HGNC Symbol;Acc:HGNC:10471]","UNIPROTSWISSPROT_ACC,UNIPROT_GN_ACC"
"P78545","ENSG00000163435","ELF3","E74 like ETS transcription factor 3 [Source:HGNC Symbol;Acc:HGNC:3318]","UNIPROTSWISSPROT_ACC,UNIPROT_GN_ACC"
"P24385","ENSG00000110092","CCND1","cyclin D1 [Source:HGNC Symbol;Acc:HGNC:1582]","UNIPROTSWISSPROT_ACC,UNIPROT_GN_ACC"
"Q01094","ENSG00000101412","E2F1","E2F transcription factor 1 [Source:HGNC Symbol;Acc:HGNC:3113]","UNIPROTSWISSPROT_ACC,UNIPROT_GN_ACC"
"O00716","ENSG00000112242","E2F3","E2F transcription factor 3 [Source:HGNC Symbol;Acc:HGNC:3115]","UNIPROTSWISSPROT_ACC,UNIPROT_GN_ACC"
"Q14188","ENSG00000114126","TFDP2","transcription factor Dp-2 [Source:HGNC Symbol;Acc:HGNC:11751]","UNIPROTSWISSPROT_ACC,UNIPROT_GN_ACC"
"Q14186","ENSG00000198176","TFDP1","transcription factor Dp-1 [Source:HGNC Symbol;Acc:HGNC:11749]","UNIPROTSWISSPROT_ACC,UNIPROT_GN_ACC"
"Q9UL18","ENSG00000092847","AGO1","argonaute RISC component 1 [Source:HGNC Symbol;Acc:HGNC:3262]","UNIPROTSWISSPROT_ACC,UNIPROT_GN_ACC"
"Q9HCK5","ENSG00000134698","AGO4","argonaute RISC component 4 [Source:HGNC Symbol;Acc:HGNC:18424]","UNIPROTSWISSPROT_ACC,UNIPROT_GN_ACC"
"Q9H9G7","ENSG00000126070","AGO3","argonaute RISC catalytic component 3 [Source:HGNC Symbol;Acc:HGNC:18421]","UNIPROTSWISSPROT_ACC,UNIPROT_GN_ACC"
"Q8NDV7","ENSG00000090905","TNRC6A","trinucleotide repeat containing adaptor 6A [Source:HGNC Symbol;Acc:HGNC:11969]","UNIPROTSWISSPROT_ACC,UNIPROT_GN_ACC"
"Q9UPQ9","ENSG00000100354","TNRC6B","trinucleotide repeat containing adaptor 6B [Source:HGNC Symbol;Acc:HGNC:29190]","UNIPROTSWISSPROT_ACC,UNIPROT_GN_ACC"
"Q9HCJ0","ENSG00000078687","TNRC6C","trinucleotide repeat containing adaptor 6C [Source:HGNC Symbol;Acc:HGNC:29318]","UNIPROTSWISSPROT_ACC"
"Q9HCE1","ENSG00000155363","MOV10","Mov10 RNA helicase [Source:HGNC Symbol;Acc:HGNC:7200]","UNIPROTSWISSPROT_ACC,UNIPROT_GN_ACC"
"Q9UKV8","ENSG00000123908","AGO2","argonaute RISC catalytic component 2 [Source:HGNC Symbol;Acc:HGNC:3263]","UNIPROTSWISSPROT_ACC,UNIPROT_GN_ACC"
"Q71DI3","ENSG00000183598","H3C13","H3 clustered histone 13 [Source:HGNC Symbol;Acc:HGNC:25311]","UNIPROTSWISSPROT_ACC,UNIPROT_GN_ACC"
"Q71DI3","ENSG00000203811","H3C14","H3 clustered histone 14 [Source:HGNC Symbol;Acc:HGNC:20503]","UNIPROTSWISSPROT_ACC,UNIPROT_GN_ACC"
"Q71DI3","ENSG00000203852","H3C15","H3 clustered histone 15 [Source:HGNC Symbol;Acc:HGNC:20505]","UNIPROTSWISSPROT_ACC,UNIPROT_GN_ACC"
"P68431","ENSG00000197153","H3C12","H3 clustered histone 12 [Source:HGNC Symbol;Acc:HGNC:4774]","UNIPROTSWISSPROT_ACC,UNIPROT_GN_ACC"
"P68431","ENSG00000197409","H3C4","H3 clustered histone 4 [Source:HGNC Symbol;Acc:HGNC:4767]","UNIPROTSWISSPROT_ACC,UNIPROT_GN_ACC"
"P68431","ENSG00000273983","H3C8","H3 clustered histone 8 [Source:HGNC Symbol;Acc:HGNC:4772]","UNIPROTSWISSPROT_ACC,UNIPROT_GN_ACC"
"P68431","ENSG00000274750","H3C6","H3 clustered histone 6 [Source:HGNC Symbol;Acc:HGNC:4769]","UNIPROTSWISSPROT_ACC,UNIPROT_GN_ACC"
"P68431","ENSG00000275379","H3C11","H3 clustered histone 11 [Source:HGNC Symbol;Acc:HGNC:4771]","UNIPROTSWISSPROT_ACC,UNIPROT_GN_ACC"
"P68431","ENSG00000275714","H3C1","H3 clustered histone 1 [Source:HGNC Symbol;Acc:HGNC:4766]","UNIPROTSWISSPROT_ACC,UNIPROT_GN_ACC"
"P68431","ENSG00000277775","H3C7","H3 clustered histone 7 [Source:HGNC Symbol;Acc:HGNC:4773]","UNIPROTSWISSPROT_ACC,UNIPROT_GN_ACC"
"P68431","ENSG00000278828","H3C10","H3 clustered histone 10 [Source:HGNC Symbol;Acc:HGNC:4775]","UNIPROTSWISSPROT_ACC,UNIPROT_GN_ACC"
"P68431","ENSG00000286522","H3C2","H3 clustered histone 2 [Source:HGNC Symbol;Acc:HGNC:4776]","UNIPROTSWISSPROT_ACC,UNIPROT_GN_ACC"
"P68431","ENSG00000287080","H3C3","H3 clustered histone 3 [Source:HGNC Symbol;Acc:HGNC:4768]","UNIPROTSWISSPROT_ACC,UNIPROT_GN_ACC"
"P84243","ENSG00000132475","H3-3B","H3.3 histone B [Source:HGNC Symbol;Acc:HGNC:4765]","UNIPROTSWISSPROT_ACC,UNIPROT_GN_ACC"
"P84243","ENSG00000163041","H3-3A","H3.3 histone A [Source:HGNC Symbol;Acc:HGNC:4764]","UNIPROTSWISSPROT_ACC,UNIPROT_GN_ACC"
"Q99879","ENSG00000273703","H2BC14","H2B clustered histone 14 [Source:HGNC Symbol;Acc:HGNC:4750]","UNIPROTSWISSPROT_ACC,UNIPROT_GN_ACC"
"Q96A08","ENSG00000146047","H2BC1","H2B clustered histone 1 [Source:HGNC Symbol;Acc:HGNC:18730]","UNIPROTSWISSPROT_ACC,UNIPROT_GN_ACC"
"P58876","ENSG00000158373","H2BC5","H2B clustered histone 5 [Source:HGNC Symbol;Acc:HGNC:4747]","UNIPROTSWISSPROT_ACC,UNIPROT_GN_ACC"
"Q93079","ENSG00000275713","H2BC9","H2B clustered histone 9 [Source:HGNC Symbol;Acc:HGNC:4755]","UNIPROTSWISSPROT_ACC,UNIPROT_GN_ACC"
"Q16778","ENSG00000184678","H2BC21","H2B clustered histone 21 [Source:HGNC Symbol;Acc:HGNC:4760]","UNIPROTSWISSPROT_ACC,UNIPROT_GN_ACC"
"P23527","ENSG00000274641","H2BC17","H2B clustered histone 17 [Source:HGNC Symbol;Acc:HGNC:4758]","UNIPROTSWISSPROT_ACC,UNIPROT_GN_ACC"
"P57053","ENSG00000234289","H2BC12L","H2B clustered histone 12 like [Source:HGNC Symbol;Acc:HGNC:4762]","UNIPROTSWISSPROT_ACC,UNIPROT_GN_ACC"
"Q99877","ENSG00000233822","H2BC15","H2B clustered histone 15 [Source:HGNC Symbol;Acc:HGNC:4749]","UNIPROTSWISSPROT_ACC,UNIPROT_GN_ACC"
"P62807","ENSG00000180596","H2BC4","H2B clustered histone 4 [Source:HGNC Symbol;Acc:HGNC:4757]","UNIPROTSWISSPROT_ACC,UNIPROT_GN_ACC"
"P62807","ENSG00000273802","H2BC8","H2B clustered histone 8 [Source:HGNC Symbol;Acc:HGNC:4746]","UNIPROTSWISSPROT_ACC,UNIPROT_GN_ACC"
"P62807","ENSG00000274290","H2BC6","H2B clustered histone 6 [Source:HGNC Symbol;Acc:HGNC:4753]","UNIPROTSWISSPROT_ACC,UNIPROT_GN_ACC"
"P62807","ENSG00000277224","H2BC7","H2B clustered histone 7 [Source:HGNC Symbol;Acc:HGNC:4752]","UNIPROTSWISSPROT_ACC,UNIPROT_GN_ACC"
"P62807","ENSG00000278588","H2BC10","H2B clustered histone 10 [Source:HGNC Symbol;Acc:HGNC:4756]","UNIPROTSWISSPROT_ACC,UNIPROT_GN_ACC"
"P06899","ENSG00000124635","H2BC11","H2B clustered histone 11 [Source:HGNC Symbol;Acc:HGNC:4761]","UNIPROTSWISSPROT_ACC,UNIPROT_GN_ACC"
"P33778","ENSG00000169118","CSNK1G1","casein kinase 1 gamma 1 [Source:HGNC Symbol;Acc:HGNC:2454]","AGILENT_GPL19072,UNIPROTSWISSPROT_ACC,UNIPROT_GN_ACC"
"P33778","ENSG00000276410","H2BC3","H2B clustered histone 3 [Source:HGNC Symbol;Acc:HGNC:4751]","AGILENT_GPL19072,UNIPROTSWISSPROT_ACC,UNIPROT_GN_ACC"
"O60814","ENSG00000197903","H2BC12","H2B clustered histone 12 [Source:HGNC Symbol;Acc:HGNC:13954]","UNIPROTSWISSPROT_ACC,UNIPROT_GN_ACC"
"Q99880","ENSG00000185130","H2BC13","H2B clustered histone 13 [Source:HGNC Symbol;Acc:HGNC:4748]","UNIPROTSWISSPROT_ACC,UNIPROT_GN_ACC"
"Q8N257","ENSG00000196890","H2BC26","H2B clustered histone 26 [Source:HGNC Symbol;Acc:HGNC:20514]","UNIPROTSWISSPROT_ACC,UNIPROT_GN_ACC"
"P0C5Y9","ENSG00000274183","H2AB1","H2A.B variant histone 1 [Source:HGNC Symbol;Acc:HGNC:22516]","UNIPROTSWISSPROT_ACC,UNIPROT_GN_ACC"
"Q71UI9","ENSG00000105968","H2AZ2","H2A.Z variant histone 2 [Source:HGNC Symbol;Acc:HGNC:20664]","UNIPROTSWISSPROT_ACC,UNIPROT_GN_ACC"
"P20671","ENSG00000196866","H2AC7","H2A clustered histone 7 [Source:HGNC Symbol;Acc:HGNC:4729]","AGILENT_GPL19072,UNIPROTSWISSPROT_ACC,UNIPROT_GN_ACC"
"P20671","ENSG00000268326","None","novel transcript","AGILENT_GPL19072,UNIPROTSWISSPROT_ACC,UNIPROT_GN_ACC"
"P16104","ENSG00000188486","H2AX","H2A.X variant histone [Source:HGNC Symbol;Acc:HGNC:4739]","AGILENT_GPL19072,UNIPROTSWISSPROT_ACC,UNIPROT_GN_ACC"
"P16104","ENSG00000254086","None","novel transcript","AGILENT_GPL19072,UNIPROTSWISSPROT_ACC,UNIPROT_GN_ACC"
"Q9BTM1","ENSG00000246705","H2AJ","H2A.J histone [Source:HGNC Symbol;Acc:HGNC:14456]","UNIPROTSWISSPROT_ACC,UNIPROT_GN_ACC"
"Q16777","ENSG00000184260","H2AC20","H2A clustered histone 20 [Source:HGNC Symbol;Acc:HGNC:4738]","UNIPROTSWISSPROT_ACC,UNIPROT_GN_ACC"
"Q93077","ENSG00000180573","H2AC6","H2A clustered histone 6 [Source:HGNC Symbol;Acc:HGNC:4733]","UNIPROTSWISSPROT_ACC,UNIPROT_GN_ACC"
"P04908","ENSG00000277075","H2AC8","H2A clustered histone 8 [Source:HGNC Symbol;Acc:HGNC:4724]","UNIPROTSWISSPROT_ACC,UNIPROT_GN_ACC"
"P04908","ENSG00000278463","H2AC4","H2A clustered histone 4 [Source:HGNC Symbol;Acc:HGNC:4734]","UNIPROTSWISSPROT_ACC,UNIPROT_GN_ACC"
"Q6FI13","ENSG00000288825","H2AC18","H2A clustered histone 18 [Source:HGNC Symbol;Acc:HGNC:4736]","UNIPROTSWISSPROT_ACC,UNIPROT_GN_ACC"
"Q6FI13","ENSG00000288859","H2AC19","H2A clustered histone 19 [Source:HGNC Symbol;Acc:HGNC:29668]","UNIPROTSWISSPROT_ACC,UNIPROT_GN_ACC"
"Q99878","ENSG00000276368","H2AC14","H2A clustered histone 14 [Source:HGNC Symbol;Acc:HGNC:4727]","UNIPROTSWISSPROT_ACC,UNIPROT_GN_ACC"
"P62805","ENSG00000158406","H4C8","H4 clustered histone 8 [Source:HGNC Symbol;Acc:HGNC:4788]","UNIPROTSWISSPROT_ACC,UNIPROT_GN_ACC"
"P62805","ENSG00000197061","H4C3","H4 clustered histone 3 [Source:HGNC Symbol;Acc:HGNC:4787]","UNIPROTSWISSPROT_ACC,UNIPROT_GN_ACC"
"P62805","ENSG00000197238","H4C11","H4 clustered histone 11 [Source:HGNC Symbol;Acc:HGNC:4785]","UNIPROTSWISSPROT_ACC,UNIPROT_GN_ACC"
"P62805","ENSG00000197837","H4C16","H4 histone 16 [Source:HGNC Symbol;Acc:HGNC:20510]","UNIPROTSWISSPROT_ACC,UNIPROT_GN_ACC"
"P62805","ENSG00000270276","H4C15","H4 clustered histone 15 [Source:HGNC Symbol;Acc:HGNC:29607]","UNIPROTSWISSPROT_ACC,UNIPROT_GN_ACC"
"P62805","ENSG00000270882","H4C14","H4 clustered histone 14 [Source:HGNC Symbol;Acc:HGNC:4794]","UNIPROTSWISSPROT_ACC,UNIPROT_GN_ACC"
"P62805","ENSG00000273542","H4C12","H4 clustered histone 12 [Source:HGNC Symbol;Acc:HGNC:4784]","UNIPROTSWISSPROT_ACC,UNIPROT_GN_ACC"
"P62805","ENSG00000274618","H4C6","H4 clustered histone 6 [Source:HGNC Symbol;Acc:HGNC:4783]","UNIPROTSWISSPROT_ACC,UNIPROT_GN_ACC"
"P62805","ENSG00000275126","H4C13","H4 clustered histone 13 [Source:HGNC Symbol;Acc:HGNC:4791]","UNIPROTSWISSPROT_ACC,UNIPROT_GN_ACC"
"P62805","ENSG00000276180","H4C9","H4 clustered histone 9 [Source:HGNC Symbol;Acc:HGNC:4793]","UNIPROTSWISSPROT_ACC,UNIPROT_GN_ACC"
"P62805","ENSG00000276966","H4C5","H4 clustered histone 5 [Source:HGNC Symbol;Acc:HGNC:4790]","UNIPROTSWISSPROT_ACC,UNIPROT_GN_ACC"
"P62805","ENSG00000277157","H4C4","H4 clustered histone 4 [Source:HGNC Symbol;Acc:HGNC:4782]","UNIPROTSWISSPROT_ACC,UNIPROT_GN_ACC"
"P62805","ENSG00000278637","H4C1","H4 clustered histone 1 [Source:HGNC Symbol;Acc:HGNC:4781]","UNIPROTSWISSPROT_ACC,UNIPROT_GN_ACC"
"P62805","ENSG00000278705","H4C2","H4 clustered histone 2 [Source:HGNC Symbol;Acc:HGNC:4789]","UNIPROTSWISSPROT_ACC,UNIPROT_GN_ACC"
"Q8N6T7","ENSG00000077463","SIRT6","sirtuin 6 [Source:HGNC Symbol;Acc:HGNC:14934]","UNIPROTSWISSPROT_ACC,UNIPROT_GN_ACC"
"P04637","ENSG00000141510","TP53","tumor protein p53 [Source:HGNC Symbol;Acc:HGNC:11998]","UNIPROTSWISSPROT_ACC,UNIPROT_GN_ACC"
"P41743","ENSG00000163558","PRKCI","protein kinase C iota [Source:HGNC Symbol;Acc:HGNC:9404]","UNIPROTSWISSPROT_ACC,UNIPROT_GN_ACC"
"P0DPK3","ENSG00000286019","NOTCH2NLB","notch 2 N-terminal like B [Source:HGNC Symbol;Acc:HGNC:53923]","UNIPROTSWISSPROT_ACC"
"Q7Z3S9","ENSG00000264343","NOTCH2NLA","notch 2 N-terminal like A [Source:HGNC Symbol;Acc:HGNC:31862]","UNIPROTSWISSPROT_ACC,UNIPROT_GN_ACC"
"P08246","ENSG00000197561","ELANE","elastase, neutrophil expressed [Source:HGNC Symbol;Acc:HGNC:3309]","UNIPROTSWISSPROT_ACC,UNIPROT_GN_ACC"
"P0DPK4","ENSG00000286219","NOTCH2NLC","notch 2 N-terminal like C [Source:HGNC Symbol;Acc:HGNC:53924]","UNIPROTSWISSPROT_ACC,UNIPROT_GN_ACC"
"P05412","ENSG00000177606","JUN","Jun proto-oncogene, AP-1 transcription factor subunit [Source:HGNC Symbol;Acc:HGNC:6204]","UNIPROTSWISSPROT_ACC,UNIPROT_GN_ACC"
"Q9H488","ENSG00000101346","POFUT1","protein O-fucosyltransferase 1 [Source:HGNC Symbol;Acc:HGNC:14988]","UNIPROTSWISSPROT_ACC,UNIPROT_GN_ACC"
"Q8NBL1","ENSG00000163389","POGLUT1","protein O-glucosyltransferase 1 [Source:HGNC Symbol;Acc:HGNC:22954]","UNIPROTSWISSPROT_ACC,UNIPROT_GN_ACC"
"P67809","ENSG00000065978","YBX1","Y-box binding protein 1 [Source:HGNC Symbol;Acc:HGNC:8014]","UNIPROTSWISSPROT_ACC,UNIPROT_GN_ACC"
"P01133","ENSG00000138798","EGF","epidermal growth factor [Source:HGNC Symbol;Acc:HGNC:3229]","UNIPROTSWISSPROT_ACC,UNIPROT_GN_ACC"
"P00533","ENSG00000146648","EGFR","epidermal growth factor receptor [Source:HGNC Symbol;Acc:HGNC:3236]","UNIPROTSWISSPROT_ACC,UNIPROT_GN_ACC"
"O00308","ENSG00000198373","WWP2","WW domain containing E3 ubiquitin protein ligase 2 [Source:HGNC Symbol;Acc:HGNC:16804]","UNIPROTSWISSPROT_ACC,UNIPROT_GN_ACC"
"Q15398","ENSG00000126787","DLGAP5","DLG associated protein 5 [Source:HGNC Symbol;Acc:HGNC:16864]","UNIPROTSWISSPROT_ACC,UNIPROT_GN_ACC"
"Q9Y4D7","ENSG00000004399","PLXND1","plexin D1 [Source:HGNC Symbol;Acc:HGNC:9107]","UNIPROTSWISSPROT_ACC,UNIPROT_GN_ACC"
"P42224","ENSG00000115415","STAT1","signal transducer and activator of transcription 1 [Source:HGNC Symbol;Acc:HGNC:11362]","UNIPROTSWISSPROT_ACC,UNIPROT_GN_ACC"
"O15540","ENSG00000164434","FABP7","fatty acid binding protein 7 [Source:HGNC Symbol;Acc:HGNC:3562]","UNIPROTSWISSPROT_ACC,UNIPROT_GN_ACC"
"Q13422-1","ENSG00000185811","IKZF1","IKAROS family zinc finger 1 [Source:HGNC Symbol;Acc:HGNC:13176]","UNIPROT_ISOFORM"
"P40424","ENSG00000185630","PBX1","PBX homeobox 1 [Source:HGNC Symbol;Acc:HGNC:8632]","UNIPROTSWISSPROT_ACC,UNIPROT_GN_ACC"
"Q8IX03","ENSG00000113645","WWC1","WW and C2 domain containing 1 [Source:HGNC Symbol;Acc:HGNC:29435]","UNIPROTSWISSPROT_ACC,UNIPROT_GN_ACC"
"Q6ISU1","ENSG00000171611","PTCRA","pre T cell antigen receptor alpha [Source:HGNC Symbol;Acc:HGNC:21290]","UNIPROTSWISSPROT_ACC,UNIPROT_GN_ACC"
"P06734","ENSG00000104921","FCER2","Fc epsilon receptor II [Source:HGNC Symbol;Acc:HGNC:3612]","UNIPROTSWISSPROT_ACC,UNIPROT_GN_ACC"
"P10144","ENSG00000100453","GZMB","granzyme B [Source:HGNC Symbol;Acc:HGNC:4709]","AGILENT_GPL19072,UNIPROTSWISSPROT_ACC,UNIPROT_GN_ACC"
"P10144","ENSG00000237298","TTN-AS1","TTN antisense RNA 1 [Source:HGNC Symbol;Acc:HGNC:44124]","AGILENT_GPL19072,UNIPROTSWISSPROT_ACC,UNIPROT_GN_ACC"
"P16220-1","ENSG00000118260","CREB1","cAMP responsive element binding protein 1 [Source:HGNC Symbol;Acc:HGNC:2345]","UNIPROT_ISOFORM"
"P21741","ENSG00000110492","MDK","midkine [Source:HGNC Symbol;Acc:HGNC:6972]","UNIPROTSWISSPROT_ACC,UNIPROT_GN_ACC"
"ENSG00000135547","ENSG00000135547","HEY2","hes related family bHLH transcription factor with YRPW motif 2 [Source:HGNC Symbol;Acc:HGNC:4881]","ARRAYEXPRESS,ENSG"
"ENSG00000164683","ENSG00000164683","HEY1","hes related family bHLH transcription factor with YRPW motif 1 [Source:HGNC Symbol;Acc:HGNC:4880]","ARRAYEXPRESS,ENSG"
"ENSG00000163909","ENSG00000163909","HEYL","hes related family bHLH transcription factor with YRPW motif like [Source:HGNC Symbol;Acc:HGNC:4882]","ARRAYEXPRESS,ENSG"
"ENSG00000136997","ENSG00000136997","MYC","MYC proto-oncogene, bHLH transcription factor [Source:HGNC Symbol;Acc:HGNC:7553]","ARRAYEXPRESS,ENSG"
"ENSG00000197921","ENSG00000197921","HES5","hes family bHLH transcription factor 5 [Source:HGNC Symbol;Acc:HGNC:19764]","ARRAYEXPRESS,ENSG"
"ENSG00000114315","ENSG00000114315","HES1","hes family bHLH transcription factor 1 [Source:HGNC Symbol;Acc:HGNC:5192]","ARRAYEXPRESS,ENSG"
"ENSG00000037280","ENSG00000037280","FLT4","fms related receptor tyrosine kinase 4 [Source:HGNC Symbol;Acc:HGNC:3767]","ARRAYEXPRESS,ENSG"
"ENSG00000107796","ENSG00000107796","ACTA2","actin alpha 2, smooth muscle [Source:HGNC Symbol;Acc:HGNC:130]","ARRAYEXPRESS,ENSG"
"ENSG00000206312","None","None","None",""
"ENST00000383264","None","None","None",""
"ENSG00000074181","ENSG00000074181","NOTCH3","notch receptor 3 [Source:HGNC Symbol;Acc:HGNC:7883]","ARRAYEXPRESS,ENSG"
"ENSG00000148400","ENSG00000148400","NOTCH1","notch receptor 1 [Source:HGNC Symbol;Acc:HGNC:7881]","ARRAYEXPRESS,ENSG"
"ENST00000277541","None","None","None",""
"MI0003823","ENSG00000251856","MIR449C","microRNA 449c [Source:HGNC Symbol;Acc:HGNC:37302]","MIRBASE_ACC"
"MI0001648","ENSG00000198983","MIR449A","microRNA 449a [Source:HGNC Symbol;Acc:HGNC:27645]","MIRBASE_ACC"
"MI0003673","ENSG00000207728","MIR449B","microRNA 449b [Source:HGNC Symbol;Acc:HGNC:32794]","MIRBASE_ACC"
"MI0000479","ENSG00000207782","MIR150","microRNA 150 [Source:HGNC Symbol;Acc:HGNC:31537]","MIRBASE_ACC"
"ENST00000263388","ENSG00000074181","NOTCH3","notch receptor 3 [Source:HGNC Symbol;Acc:HGNC:7883]","ENST"
"MI0000342","ENSG00000207730","MIR200B","microRNA 200b [Source:HGNC Symbol;Acc:HGNC:31579]","MIRBASE_ACC"
"MI0000650","ENSG00000207713","MIR200C","microRNA 200c [Source:HGNC Symbol;Acc:HGNC:31580]","MIRBASE_ACC"
"MI0000490","ENSG00000207604","MIR206","microRNA 206 [Source:HGNC Symbol;Acc:HGNC:31584]","MIRBASE_ACC"
"MI0000268","ENSG00000284357","MIR34A","microRNA 34a [Source:HGNC Symbol;Acc:HGNC:31635]","MIRBASE_ACC"
"MI0000743","ENSG00000207562","MIR34C","microRNA 34c [Source:HGNC Symbol;Acc:HGNC:31637]","MIRBASE_ACC"
"MI0000742","ENSG00000207811","MIR34B","microRNA 34b [Source:HGNC Symbol;Acc:HGNC:31636]","MIRBASE_ACC"
"ENST00000256646","ENSG00000134250","NOTCH2","notch receptor 2 [Source:HGNC Symbol;Acc:HGNC:7882]","ENST"
"MI0000271","ENSG00000207613","MIR181C","microRNA 181c [Source:HGNC Symbol;Acc:HGNC:31552]","MIRBASE_ACC"
"MI0000738","ENSG00000207927","MIR302A","microRNA 302a [Source:HGNC Symbol;Acc:HGNC:31623]","MIRBASE_ACC"
"ENSG00000207865","None","None","None",""
"ENSG00000207811","ENSG00000207811","MIR34B","microRNA 34b [Source:HGNC Symbol;Acc:HGNC:31636]","ARRAYEXPRESS,ENSG"
"ENSG00000207562","ENSG00000207562","MIR34C","microRNA 34c [Source:HGNC Symbol;Acc:HGNC:31637]","ARRAYEXPRESS,ENSG"
"ENST00000593495","ENSG00000286019","NOTCH2NLB","notch 2 N-terminal like B [Source:HGNC Symbol;Acc:HGNC:53923]","ENST"
"ENST00000362074","ENSG00000264343","NOTCH2NLA","notch 2 N-terminal like A [Source:HGNC Symbol;Acc:HGNC:31862]","ENST"
"ENSG00000286106","ENSG00000286106","NOTCH2NLR","notch 2 N-terminal like R [Source:HGNC Symbol;Acc:HGNC:53925]","ARRAYEXPRESS,ENSG"
"ENST00000624419","ENSG00000286106","NOTCH2NLR","notch 2 N-terminal like R [Source:HGNC Symbol;Acc:HGNC:53925]","ENST"
"ENSG00000286219","ENSG00000286219","NOTCH2NLC","notch 2 N-terminal like C [Source:HGNC Symbol;Acc:HGNC:53924]","ARRAYEXPRESS,ENSG"
"ENST00000650865","ENSG00000286219","NOTCH2NLC","notch 2 N-terminal like C [Source:HGNC Symbol;Acc:HGNC:53924]","ENST"
"ENSG00000286019","ENSG00000286019","NOTCH2NLB","notch 2 N-terminal like B [Source:HGNC Symbol;Acc:HGNC:53923]","ARRAYEXPRESS,ENSG"
"ENSG00000264343","ENSG00000264343","NOTCH2NLA","notch 2 N-terminal like A [Source:HGNC Symbol;Acc:HGNC:31862]","ARRAYEXPRESS,ENSG"
"ENSG00000134250","ENSG00000134250","NOTCH2","notch receptor 2 [Source:HGNC Symbol;Acc:HGNC:7882]","ARRAYEXPRESS,ENSG"
"ENSG00000113645","ENSG00000113645","WWC1","WW and C2 domain containing 1 [Source:HGNC Symbol;Acc:HGNC:29435]","ARRAYEXPRESS,ENSG"
"ENSG00000004399","ENSG00000004399","PLXND1","plexin D1 [Source:HGNC Symbol;Acc:HGNC:9107]","ARRAYEXPRESS,ENSG"
"ENSG00000126787","ENSG00000126787","DLGAP5","DLG associated protein 5 [Source:HGNC Symbol;Acc:HGNC:16864]","ARRAYEXPRESS,ENSG"
"ENSG00000164434","ENSG00000164434","FABP7","fatty acid binding protein 7 [Source:HGNC Symbol;Acc:HGNC:3562]","ARRAYEXPRESS,ENSG"
"ENSG00000171611","ENSG00000171611","PTCRA","pre T cell antigen receptor alpha [Source:HGNC Symbol;Acc:HGNC:21290]","ARRAYEXPRESS,ENSG"
"ENSG00000185630","ENSG00000185630","PBX1","PBX homeobox 1 [Source:HGNC Symbol;Acc:HGNC:8632]","ARRAYEXPRESS,ENSG"
"ENSG00000104921","ENSG00000104921","FCER2","Fc epsilon receptor II [Source:HGNC Symbol;Acc:HGNC:3612]","ARRAYEXPRESS,ENSG"
"ENSG00000100453","ENSG00000100453","GZMB","granzyme B [Source:HGNC Symbol;Acc:HGNC:4709]","ARRAYEXPRESS,ENSG"